{
    "loss": 0.06828641891479492,
    "accuracy": 0.9916666746139526
}