{
    "loss": 0.08161398768424988,
    "accuracy": 0.9916666746139526
}