{
    "loss": 0.04642898216843605,
    "accuracy": 0.9916666746139526
}